{"stats":{"minecraft:killed":{"minecraft:skeleton":1,"minecraft:spider":1,"minecraft:pillager":4,"minecraft:zombie":1,"minecraft:villager":1,"minecraft:zombie_villager":1},"minecraft:picked_up":{"minecraft:arrow":2,"minecraft:rotten_flesh":1,"minecraft:beetroot_seeds":1,"minecraft:potato":2,"minecraft:crossbow":1,"minecraft:emerald":1,"minecraft:bread":1},"minecraft:used":{"immersive_aircraft:quadrocopter":1,"aether:lightning_sword":38,"gobber2:gobber2_sword_nether":3,"minecraft:firework_rocket":44,"aether:gravitite_sword":6,"aether:flaming_sword":2,"minecraft:crossbow":6,"sereneseasons:season_sensor":1,"immersive_aircraft:biplane":1,"aether:holy_sword":5,"aether:vampire_blade":4,"aether:pig_slayer":18,"immersive_aircraft:warship":2},"minecraft:custom":{"minecraft:time_since_rest":88564,"minecraft:play_time":88564,"minecraft:sprint_one_cm":75083,"minecraft:walk_one_cm":118299,"minecraft:sneak_time":58,"minecraft:mob_kills":16,"minecraft:damage_dealt_resisted":1135,"minecraft:aviate_one_cm":1658739,"minecraft:jump":314,"minecraft:damage_dealt":4093,"minecraft:leave_game":3,"minecraft:time_since_death":88564,"minecraft:total_world_time":88564,"minecraft:talked_to_villager":4,"minecraft:fly_one_cm":176370}},"DataVersion":3465}